-- phpMyAdmin SQL Dump
-- version 5.0.2
-- https://www.phpmyadmin.net/
--
-- Hôte : 127.0.0.1:3306
-- Généré le : jeu. 20 jan. 2022 à 10:29
-- Version du serveur :  8.0.21
-- Version de PHP : 7.3.21

SET SQL_MODE = "NO_AUTO_VALUE_ON_ZERO";
START TRANSACTION;
SET time_zone = "+00:00";


/*!40101 SET @OLD_CHARACTER_SET_CLIENT=@@CHARACTER_SET_CLIENT */;
/*!40101 SET @OLD_CHARACTER_SET_RESULTS=@@CHARACTER_SET_RESULTS */;
/*!40101 SET @OLD_COLLATION_CONNECTION=@@COLLATION_CONNECTION */;
/*!40101 SET NAMES utf8mb4 */;

--
-- Base de données : `blog_recipes`
--

-- --------------------------------------------------------

--
-- Structure de la table `categories`
--

DROP TABLE IF EXISTS `categories`;
CREATE TABLE IF NOT EXISTS `categories` (
  `id` int NOT NULL AUTO_INCREMENT,
  `name` varchar(255) COLLATE utf8_bin NOT NULL,
  `slug` varchar(255) COLLATE utf8_bin NOT NULL,
  PRIMARY KEY (`id`),
  UNIQUE KEY `slug` (`slug`)
) ENGINE=InnoDB AUTO_INCREMENT=9 DEFAULT CHARSET=utf8 COLLATE=utf8_bin;

--
-- Déchargement des données de la table `categories`
--

INSERT INTO `categories` (`id`, `name`, `slug`) VALUES
(1, 'Gâteau', 'gateau'),
(2, 'Entremets', 'entremets'),
(3, 'Biscuits', 'biscuits'),
(4, 'Viennoiserie', 'viennoiserie'),
(5, 'Buffet', 'buffet'),
(6, 'Tartes', 'tartes'),
(7, 'Boissons', 'boissons'),
(8, 'Glaces', 'glaces');

-- --------------------------------------------------------

--
-- Structure de la table `recipes`
--

DROP TABLE IF EXISTS `recipes`;
CREATE TABLE IF NOT EXISTS `recipes` (
  `id` int NOT NULL AUTO_INCREMENT,
  `name` varchar(255) COLLATE utf8_bin NOT NULL,
  `slug` varchar(255) CHARACTER SET utf8 COLLATE utf8_bin NOT NULL,
  `category_id` int DEFAULT NULL,
  `author_id` int DEFAULT NULL,
  `image` varchar(255) COLLATE utf8_bin DEFAULT NULL,
  `level` int NOT NULL,
  `prep_time` int DEFAULT NULL,
  `cook_time` int DEFAULT NULL,
  `created_at` datetime NOT NULL,
  `ingredients` json NOT NULL,
  `preparation` json NOT NULL,
  `description` text COLLATE utf8_bin,
  PRIMARY KEY (`id`),
  UNIQUE KEY `slug` (`slug`),
  KEY `category_id` (`category_id`),
  KEY `author_id` (`author_id`)
) ENGINE=InnoDB AUTO_INCREMENT=52 DEFAULT CHARSET=utf8 COLLATE=utf8_bin;

--
-- Déchargement des données de la table `recipes`
--

INSERT INTO `recipes` (`id`, `name`, `slug`, `category_id`, `author_id`, `image`, `level`, `prep_time`, `cook_time`, `created_at`, `ingredients`, `preparation`, `description`) VALUES
(1, 'Fancy glazed donuts', 'fancy-glazed-donuts', 1, 1, 'recipe-61e71e34a4cff.jpg', 1, 45, 45, '2022-01-10 19:29:44', '[\"130g. de sucre en poudre\", \"125g. de farine\", \"3 œufs\", \"1 càs. de cacao non sucré\", \"100g. de crème liquide entière 30% de MG\", \"50g. de chocolat noir\"]', '[\"Chocolate cheesecake sesame snaps sesame snaps chocolate bar oat cake lemon drops caramels. Wafer powder cotton candy lollipop sweet roll jujubes powder macaroon. Jelly jelly beans dragée shortbread pie.\", \"Chocolate cheesecake sesame snaps sesame snaps chocolate bar oat cake lemon drops caramels. Wafer powder cotton candy lollipop sweet roll jujubes powder macaroon. Jelly jelly beans dragée shortbread pie.\", \"Chocolate cheesecake sesame snaps sesame snaps chocolate bar oat cake lemon drops caramels. Wafer powder cotton candy lollipop sweet roll jujubes powder macaroon. Jelly jelly beans dragée shortbread pie.\", \"Chocolate cheesecake sesame snaps sesame snaps chocolate bar oat cake lemon drops caramels. Wafer powder cotton candy lollipop sweet roll jujubes powder macaroon. Jelly jelly beans dragée shortbread pie.\", \"Chocolate cheesecake sesame snaps sesame snaps chocolate bar oat cake lemon drops caramels. Wafer powder cotton candy lollipop sweet roll jujubes powder macaroon. Jelly jelly beans dragée shortbread pie.\"]', 'Look no further for a creamy and ultra smooth classic cheesecake recipe! no one can deny its simple decadence.'),
(2, 'Fancy glazed donuts 2', 'fancy-glazed-donuts-2', 2, 1, 'recipe-61e7cdb1d7aa4.jpg', 1, 45, 45, '2022-01-10 19:33:18', '[\"130g. de sucre en poudre\", \"125g. de farine\", \"3 œufs\", \"1 càs. de cacao non sucré\", \"100g. de crème liquide entière 30% de MG\", \"50g. de chocolat noir\"]', '[\"Chocolate cheesecake sesame snaps sesame snaps chocolate bar oat cake lemon drops caramels. Wafer powder cotton candy lollipop sweet roll jujubes powder macaroon. Jelly jelly beans dragée shortbread pie.\", \"Chocolate cheesecake sesame snaps sesame snaps chocolate bar oat cake lemon drops caramels. Wafer powder cotton candy lollipop sweet roll jujubes powder macaroon. Jelly jelly beans dragée shortbread pie.\", \"Chocolate cheesecake sesame snaps sesame snaps chocolate bar oat cake lemon drops caramels. Wafer powder cotton candy lollipop sweet roll jujubes powder macaroon. Jelly jelly beans dragée shortbread pie.\", \"Chocolate cheesecake sesame snaps sesame snaps chocolate bar oat cake lemon drops caramels. Wafer powder cotton candy lollipop sweet roll jujubes powder macaroon. Jelly jelly beans dragée shortbread pie.\", \"Chocolate cheesecake sesame snaps sesame snaps chocolate bar oat cake lemon drops caramels. Wafer powder cotton candy lollipop sweet roll jujubes powder macaroon. Jelly jelly beans dragée shortbread pie.\"]', 'Look no further for a creamy and ultra smooth classic cheesecake recipe! no one can deny its simple decadence.'),
(3, 'Fancy glazed donuts 3', 'fancy-glazed-donuts-3', 3, 1, 'recipe-61e7cd98df54d.jpg', 1, 45, 45, '2022-01-10 19:33:18', '[\"130g. de sucre en poudre\", \"125g. de farine\", \"3 œufs\", \"1 càs. de cacao non sucré\", \"100g. de crème liquide entière 30% de MG\", \"50g. de chocolat noir\"]', '[\"Chocolate cheesecake sesame snaps sesame snaps chocolate bar oat cake lemon drops caramels. Wafer powder cotton candy lollipop sweet roll jujubes powder macaroon. Jelly jelly beans dragée shortbread pie.\", \"Chocolate cheesecake sesame snaps sesame snaps chocolate bar oat cake lemon drops caramels. Wafer powder cotton candy lollipop sweet roll jujubes powder macaroon. Jelly jelly beans dragée shortbread pie.\", \"Chocolate cheesecake sesame snaps sesame snaps chocolate bar oat cake lemon drops caramels. Wafer powder cotton candy lollipop sweet roll jujubes powder macaroon. Jelly jelly beans dragée shortbread pie.\", \"Chocolate cheesecake sesame snaps sesame snaps chocolate bar oat cake lemon drops caramels. Wafer powder cotton candy lollipop sweet roll jujubes powder macaroon. Jelly jelly beans dragée shortbread pie.\", \"Chocolate cheesecake sesame snaps sesame snaps chocolate bar oat cake lemon drops caramels. Wafer powder cotton candy lollipop sweet roll jujubes powder macaroon. Jelly jelly beans dragée shortbread pie.\"]', 'Look no further for a creamy and ultra smooth classic cheesecake recipe! no one can deny its simple decadence.'),
(4, 'Fancy glazed donuts 4', 'fancy-glazed-donuts-4', 4, 1, 'recipe-4.jpg', 1, 45, 45, '2022-01-10 19:33:18', '[\"130g. de sucre en poudre\", \"125g. de farine\", \"3 œufs\", \"1 càs. de cacao non sucré\", \"100g. de crème liquide entière 30% de MG\", \"50g. de chocolat noir\"]', '[\"Chocolate cheesecake sesame snaps sesame snaps chocolate bar oat cake lemon drops caramels. Wafer powder cotton candy lollipop sweet roll jujubes powder macaroon. Jelly jelly beans dragée shortbread pie.\", \"Chocolate cheesecake sesame snaps sesame snaps chocolate bar oat cake lemon drops caramels. Wafer powder cotton candy lollipop sweet roll jujubes powder macaroon. Jelly jelly beans dragée shortbread pie.\", \"Chocolate cheesecake sesame snaps sesame snaps chocolate bar oat cake lemon drops caramels. Wafer powder cotton candy lollipop sweet roll jujubes powder macaroon. Jelly jelly beans dragée shortbread pie.\", \"Chocolate cheesecake sesame snaps sesame snaps chocolate bar oat cake lemon drops caramels. Wafer powder cotton candy lollipop sweet roll jujubes powder macaroon. Jelly jelly beans dragée shortbread pie.\", \"Chocolate cheesecake sesame snaps sesame snaps chocolate bar oat cake lemon drops caramels. Wafer powder cotton candy lollipop sweet roll jujubes powder macaroon. Jelly jelly beans dragée shortbread pie.\"]', 'Look no further for a creamy and ultra smooth classic cheesecake recipe! no one can deny its simple decadence.'),
(5, 'Fancy glazed donuts 5', 'fancy-glazed-donuts-5', 5, 1, 'recipe-61e71e1b3deb3.jpg', 1, 45, 45, '2022-01-10 19:33:18', '[\"130g. de sucre en poudre\", \"125g. de farine\", \"3 œufs\", \"1 càs. de cacao non sucré\", \"100g. de crème liquide entière 30% de MG\", \"50g. de chocolat noir\"]', '[\"Chocolate cheesecake sesame snaps sesame snaps chocolate bar oat cake lemon drops caramels. Wafer powder cotton candy lollipop sweet roll jujubes powder macaroon. Jelly jelly beans dragée shortbread pie.\", \"Chocolate cheesecake sesame snaps sesame snaps chocolate bar oat cake lemon drops caramels. Wafer powder cotton candy lollipop sweet roll jujubes powder macaroon. Jelly jelly beans dragée shortbread pie.\", \"Chocolate cheesecake sesame snaps sesame snaps chocolate bar oat cake lemon drops caramels. Wafer powder cotton candy lollipop sweet roll jujubes powder macaroon. Jelly jelly beans dragée shortbread pie.\", \"Chocolate cheesecake sesame snaps sesame snaps chocolate bar oat cake lemon drops caramels. Wafer powder cotton candy lollipop sweet roll jujubes powder macaroon. Jelly jelly beans dragée shortbread pie.\", \"Chocolate cheesecake sesame snaps sesame snaps chocolate bar oat cake lemon drops caramels. Wafer powder cotton candy lollipop sweet roll jujubes powder macaroon. Jelly jelly beans dragée shortbread pie.\"]', 'Look no further for a creamy and ultra smooth classic cheesecake recipe! no one can deny its simple decadence.'),
(6, 'Fancy glazed donuts 6', 'fancy-glazed-donuts-6', 6, 1, 'recipe-61e71df40fcf1.jpg', 1, 45, 45, '2022-01-10 19:33:18', '[\"130g. de sucre en poudre\", \"125g. de farine\", \"3 œufs\", \"1 càs. de cacao non sucré\", \"100g. de crème liquide entière 30% de MG\", \"50g. de chocolat noir\"]', '[\"Chocolate cheesecake sesame snaps sesame snaps chocolate bar oat cake lemon drops caramels. Wafer powder cotton candy lollipop sweet roll jujubes powder macaroon. Jelly jelly beans dragée shortbread pie.\", \"Chocolate cheesecake sesame snaps sesame snaps chocolate bar oat cake lemon drops caramels. Wafer powder cotton candy lollipop sweet roll jujubes powder macaroon. Jelly jelly beans dragée shortbread pie.\", \"Chocolate cheesecake sesame snaps sesame snaps chocolate bar oat cake lemon drops caramels. Wafer powder cotton candy lollipop sweet roll jujubes powder macaroon. Jelly jelly beans dragée shortbread pie.\", \"Chocolate cheesecake sesame snaps sesame snaps chocolate bar oat cake lemon drops caramels. Wafer powder cotton candy lollipop sweet roll jujubes powder macaroon. Jelly jelly beans dragée shortbread pie.\", \"Chocolate cheesecake sesame snaps sesame snaps chocolate bar oat cake lemon drops caramels. Wafer powder cotton candy lollipop sweet roll jujubes powder macaroon. Jelly jelly beans dragée shortbread pie.\"]', 'Look no further for a creamy and ultra smooth classic cheesecake recipe! no one can deny its simple decadence.'),
(7, 'Fancy glazed donuts 7', 'fancy-glazed-donuts-7', 7, 1, 'recipe-61e7ce22a00f9.jpg', 1, 45, 45, '2022-01-10 19:33:18', '[\"130g. de sucre en poudre\", \"125g. de farine\", \"3 œufs\", \"1 càs. de cacao non sucré\", \"100g. de crème liquide entière 30% de MG\", \"50g. de chocolat noir\"]', '[\"Chocolate cheesecake sesame snaps sesame snaps chocolate bar oat cake lemon drops caramels. Wafer powder cotton candy lollipop sweet roll jujubes powder macaroon. Jelly jelly beans dragée shortbread pie.\", \"Chocolate cheesecake sesame snaps sesame snaps chocolate bar oat cake lemon drops caramels. Wafer powder cotton candy lollipop sweet roll jujubes powder macaroon. Jelly jelly beans dragée shortbread pie.\", \"Chocolate cheesecake sesame snaps sesame snaps chocolate bar oat cake lemon drops caramels. Wafer powder cotton candy lollipop sweet roll jujubes powder macaroon. Jelly jelly beans dragée shortbread pie.\", \"Chocolate cheesecake sesame snaps sesame snaps chocolate bar oat cake lemon drops caramels. Wafer powder cotton candy lollipop sweet roll jujubes powder macaroon. Jelly jelly beans dragée shortbread pie.\", \"Chocolate cheesecake sesame snaps sesame snaps chocolate bar oat cake lemon drops caramels. Wafer powder cotton candy lollipop sweet roll jujubes powder macaroon. Jelly jelly beans dragée shortbread pie.\"]', 'Sweet sweet powder caramels pudding jujubes biscuit chupa chups. Topping topping halvah cake pastry pudding bear claw.'),
(8, 'Fancy glazed donuts 8', 'fancy-glazed-donuts-8', 7, 1, 'recipe-61e7ce41739a8.jpg', 1, 45, 45, '2022-01-10 19:33:18', '[\"130g. de sucre en poudre\", \"125g. de farine\", \"3 œufs\", \"1 càs. de cacao non sucré\", \"100g. de crème liquide entière 30% de MG\", \"50g. de chocolat noir\"]', '[\"Chocolate cheesecake sesame snaps sesame snaps chocolate bar oat cake lemon drops caramels. Wafer powder cotton candy lollipop sweet roll jujubes powder macaroon. Jelly jelly beans dragée shortbread pie.\", \"Chocolate cheesecake sesame snaps sesame snaps chocolate bar oat cake lemon drops caramels. Wafer powder cotton candy lollipop sweet roll jujubes powder macaroon. Jelly jelly beans dragée shortbread pie.\", \"Chocolate cheesecake sesame snaps sesame snaps chocolate bar oat cake lemon drops caramels. Wafer powder cotton candy lollipop sweet roll jujubes powder macaroon. Jelly jelly beans dragée shortbread pie.\", \"Chocolate cheesecake sesame snaps sesame snaps chocolate bar oat cake lemon drops caramels. Wafer powder cotton candy lollipop sweet roll jujubes powder macaroon. Jelly jelly beans dragée shortbread pie.\", \"Chocolate cheesecake sesame snaps sesame snaps chocolate bar oat cake lemon drops caramels. Wafer powder cotton candy lollipop sweet roll jujubes powder macaroon. Jelly jelly beans dragée shortbread pie.\"]', 'Sweet sweet powder caramels pudding jujubes biscuit chupa chups. Topping topping halvah cake pastry pudding bear claw.'),
(9, 'Fancy glazed donuts 9', 'fancy-glazed-donuts-9', 1, 1, 'recipe-61e71cc3a29ff.jpg', 1, 45, 45, '2022-01-10 19:33:18', '[\"130g. de sucre en poudre\", \"125g. de farine\", \"3 œufs\", \"1 càs. de cacao non sucré\", \"100g. de crème liquide entière 30% de MG\", \"50g. de chocolat noir\"]', '[\"Chocolate cheesecake sesame snaps sesame snaps chocolate bar oat cake lemon drops caramels. Wafer powder cotton candy lollipop sweet roll jujubes powder macaroon. Jelly jelly beans dragée shortbread pie.\", \"Chocolate cheesecake sesame snaps sesame snaps chocolate bar oat cake lemon drops caramels. Wafer powder cotton candy lollipop sweet roll jujubes powder macaroon. Jelly jelly beans dragée shortbread pie.\", \"Chocolate cheesecake sesame snaps sesame snaps chocolate bar oat cake lemon drops caramels. Wafer powder cotton candy lollipop sweet roll jujubes powder macaroon. Jelly jelly beans dragée shortbread pie.\", \"Chocolate cheesecake sesame snaps sesame snaps chocolate bar oat cake lemon drops caramels. Wafer powder cotton candy lollipop sweet roll jujubes powder macaroon. Jelly jelly beans dragée shortbread pie.\", \"Chocolate cheesecake sesame snaps sesame snaps chocolate bar oat cake lemon drops caramels. Wafer powder cotton candy lollipop sweet roll jujubes powder macaroon. Jelly jelly beans dragée shortbread pie.\"]', 'Sweet sweet powder caramels pudding jujubes biscuit chupa chups. Topping topping halvah cake pastry pudding bear claw.'),
(10, 'Fancy glazed donuts 10', 'fancy-glazed-donuts-10', 2, 1, 'recipe-61e7cdce29067.jpg', 1, 45, 45, '2022-01-10 19:33:18', '[\"130g. de sucre en poudre\", \"125g. de farine\", \"3 œufs\", \"1 càs. de cacao non sucré\", \"100g. de crème liquide entière 30% de MG\", \"50g. de chocolat noir\"]', '[\"Chocolate cheesecake sesame snaps sesame snaps chocolate bar oat cake lemon drops caramels. Wafer powder cotton candy lollipop sweet roll jujubes powder macaroon. Jelly jelly beans dragée shortbread pie.\", \"Chocolate cheesecake sesame snaps sesame snaps chocolate bar oat cake lemon drops caramels. Wafer powder cotton candy lollipop sweet roll jujubes powder macaroon. Jelly jelly beans dragée shortbread pie.\", \"Chocolate cheesecake sesame snaps sesame snaps chocolate bar oat cake lemon drops caramels. Wafer powder cotton candy lollipop sweet roll jujubes powder macaroon. Jelly jelly beans dragée shortbread pie.\", \"Chocolate cheesecake sesame snaps sesame snaps chocolate bar oat cake lemon drops caramels. Wafer powder cotton candy lollipop sweet roll jujubes powder macaroon. Jelly jelly beans dragée shortbread pie.\", \"Chocolate cheesecake sesame snaps sesame snaps chocolate bar oat cake lemon drops caramels. Wafer powder cotton candy lollipop sweet roll jujubes powder macaroon. Jelly jelly beans dragée shortbread pie.\"]', 'Sweet sweet powder caramels pudding jujubes biscuit chupa chups. Topping topping halvah cake pastry pudding bear claw.'),
(11, 'Fancy glazed donuts 11', 'fancy-glazed-donuts-11', 3, 1, 'recipe-61e7ceac492b1.jpg', 1, 45, 45, '2022-01-10 19:33:18', '[\"130g. de sucre en poudre\", \"125g. de farine\", \"3 œufs\", \"1 càs. de cacao non sucré\", \"100g. de crème liquide entière 30% de MG\", \"50g. de chocolat noir\"]', '[\"Chocolate cheesecake sesame snaps sesame snaps chocolate bar oat cake lemon drops caramels. Wafer powder cotton candy lollipop sweet roll jujubes powder macaroon. Jelly jelly beans dragée shortbread pie.\", \"Chocolate cheesecake sesame snaps sesame snaps chocolate bar oat cake lemon drops caramels. Wafer powder cotton candy lollipop sweet roll jujubes powder macaroon. Jelly jelly beans dragée shortbread pie.\", \"Chocolate cheesecake sesame snaps sesame snaps chocolate bar oat cake lemon drops caramels. Wafer powder cotton candy lollipop sweet roll jujubes powder macaroon. Jelly jelly beans dragée shortbread pie.\", \"Chocolate cheesecake sesame snaps sesame snaps chocolate bar oat cake lemon drops caramels. Wafer powder cotton candy lollipop sweet roll jujubes powder macaroon. Jelly jelly beans dragée shortbread pie.\", \"Chocolate cheesecake sesame snaps sesame snaps chocolate bar oat cake lemon drops caramels. Wafer powder cotton candy lollipop sweet roll jujubes powder macaroon. Jelly jelly beans dragée shortbread pie.\"]', 'Sweet sweet powder caramels pudding jujubes biscuit chupa chups. Topping topping halvah cake pastry pudding bear claw.'),
(12, 'Fancy glazed donuts 12', 'fancy-glazed-donuts-12', 4, 1, 'recipe-61e7cddb7f803.jpg', 1, 45, 45, '2022-01-10 19:33:18', '[\"130g. de sucre en poudre\", \"125g. de farine\", \"3 œufs\", \"1 càs. de cacao non sucré\", \"100g. de crème liquide entière 30% de MG\", \"50g. de chocolat noir\"]', '[\"Chocolate cheesecake sesame snaps sesame snaps chocolate bar oat cake lemon drops caramels. Wafer powder cotton candy lollipop sweet roll jujubes powder macaroon. Jelly jelly beans dragée shortbread pie.\", \"Chocolate cheesecake sesame snaps sesame snaps chocolate bar oat cake lemon drops caramels. Wafer powder cotton candy lollipop sweet roll jujubes powder macaroon. Jelly jelly beans dragée shortbread pie.\", \"Chocolate cheesecake sesame snaps sesame snaps chocolate bar oat cake lemon drops caramels. Wafer powder cotton candy lollipop sweet roll jujubes powder macaroon. Jelly jelly beans dragée shortbread pie.\", \"Chocolate cheesecake sesame snaps sesame snaps chocolate bar oat cake lemon drops caramels. Wafer powder cotton candy lollipop sweet roll jujubes powder macaroon. Jelly jelly beans dragée shortbread pie.\", \"Chocolate cheesecake sesame snaps sesame snaps chocolate bar oat cake lemon drops caramels. Wafer powder cotton candy lollipop sweet roll jujubes powder macaroon. Jelly jelly beans dragée shortbread pie.\"]', 'Sweet sweet powder caramels pudding jujubes biscuit chupa chups. Topping topping halvah cake pastry pudding bear claw.'),
(13, 'Fancy glazed donuts 13', 'fancy-glazed-donuts-13', 5, 1, 'recipe-61e7cdebe22a8.jpg', 1, 45, 45, '2022-01-10 19:33:18', '[\"130g. de sucre en poudre\", \"125g. de farine\", \"3 œufs\", \"1 càs. de cacao non sucré\", \"100g. de crème liquide entière 30% de MG\", \"50g. de chocolat noir\"]', '[\"Chocolate cheesecake sesame snaps sesame snaps chocolate bar oat cake lemon drops caramels. Wafer powder cotton candy lollipop sweet roll jujubes powder macaroon. Jelly jelly beans dragée shortbread pie.\", \"Chocolate cheesecake sesame snaps sesame snaps chocolate bar oat cake lemon drops caramels. Wafer powder cotton candy lollipop sweet roll jujubes powder macaroon. Jelly jelly beans dragée shortbread pie.\", \"Chocolate cheesecake sesame snaps sesame snaps chocolate bar oat cake lemon drops caramels. Wafer powder cotton candy lollipop sweet roll jujubes powder macaroon. Jelly jelly beans dragée shortbread pie.\", \"Chocolate cheesecake sesame snaps sesame snaps chocolate bar oat cake lemon drops caramels. Wafer powder cotton candy lollipop sweet roll jujubes powder macaroon. Jelly jelly beans dragée shortbread pie.\", \"Chocolate cheesecake sesame snaps sesame snaps chocolate bar oat cake lemon drops caramels. Wafer powder cotton candy lollipop sweet roll jujubes powder macaroon. Jelly jelly beans dragée shortbread pie.\"]', 'Sweet sweet powder caramels pudding jujubes biscuit chupa chups. Topping topping halvah cake pastry pudding bear claw.'),
(14, 'Fancy glazed donuts 14', 'fancy-glazed-donuts-14', 6, 1, 'recipe-4.jpg', 1, 45, 45, '2022-01-10 19:33:18', '[\"130g. de sucre en poudre\", \"125g. de farine\", \"3 œufs\", \"1 càs. de cacao non sucré\", \"100g. de crème liquide entière 30% de MG\", \"50g. de chocolat noir\"]', '[\"Chocolate cheesecake sesame snaps sesame snaps chocolate bar oat cake lemon drops caramels. Wafer powder cotton candy lollipop sweet roll jujubes powder macaroon. Jelly jelly beans dragée shortbread pie.\", \"Chocolate cheesecake sesame snaps sesame snaps chocolate bar oat cake lemon drops caramels. Wafer powder cotton candy lollipop sweet roll jujubes powder macaroon. Jelly jelly beans dragée shortbread pie.\", \"Chocolate cheesecake sesame snaps sesame snaps chocolate bar oat cake lemon drops caramels. Wafer powder cotton candy lollipop sweet roll jujubes powder macaroon. Jelly jelly beans dragée shortbread pie.\", \"Chocolate cheesecake sesame snaps sesame snaps chocolate bar oat cake lemon drops caramels. Wafer powder cotton candy lollipop sweet roll jujubes powder macaroon. Jelly jelly beans dragée shortbread pie.\", \"Chocolate cheesecake sesame snaps sesame snaps chocolate bar oat cake lemon drops caramels. Wafer powder cotton candy lollipop sweet roll jujubes powder macaroon. Jelly jelly beans dragée shortbread pie.\"]', NULL),
(15, 'Fancy glazed donuts 15', 'fancy-glazed-donuts-15', 7, 1, 'recipe-61e71ca2bf867.jpg', 1, 45, 45, '2022-01-10 19:33:18', '[\"130g. de sucre en poudre\", \"125g. de farine\", \"3 œufs\", \"1 càs. de cacao non sucré\", \"100g. de crème liquide entière 30% de MG\", \"50g. de chocolat noir\"]', '[\"Chocolate cheesecake sesame snaps sesame snaps chocolate bar oat cake lemon drops caramels. Wafer powder cotton candy lollipop sweet roll jujubes powder macaroon. Jelly jelly beans dragée shortbread pie.\", \"Chocolate cheesecake sesame snaps sesame snaps chocolate bar oat cake lemon drops caramels. Wafer powder cotton candy lollipop sweet roll jujubes powder macaroon. Jelly jelly beans dragée shortbread pie.\", \"Chocolate cheesecake sesame snaps sesame snaps chocolate bar oat cake lemon drops caramels. Wafer powder cotton candy lollipop sweet roll jujubes powder macaroon. Jelly jelly beans dragée shortbread pie.\", \"Chocolate cheesecake sesame snaps sesame snaps chocolate bar oat cake lemon drops caramels. Wafer powder cotton candy lollipop sweet roll jujubes powder macaroon. Jelly jelly beans dragée shortbread pie.\", \"Chocolate cheesecake sesame snaps sesame snaps chocolate bar oat cake lemon drops caramels. Wafer powder cotton candy lollipop sweet roll jujubes powder macaroon. Jelly jelly beans dragée shortbread pie.\"]', 'Sweet sweet powder caramels pudding jujubes biscuit chupa chups. Topping topping halvah cake pastry pudding bear claw.'),
(16, 'Fancy glazed donuts 16', 'fancy-glazed-donuts-16', 7, 1, 'recipe-61e71bf051af1.jpg', 1, 45, 45, '2022-01-10 19:33:18', '[\"130g. de sucre en poudre\", \"125g. de farine\", \"3 œufs\", \"1 càs. de cacao non sucré\", \"100g. de crème liquide entière 30% de MG\", \"50g. de chocolat noir\"]', '[\"Chocolate cheesecake sesame snaps sesame snaps chocolate bar oat cake lemon drops caramels. Wafer powder cotton candy lollipop sweet roll jujubes powder macaroon. Jelly jelly beans dragée shortbread pie.\", \"Chocolate cheesecake sesame snaps sesame snaps chocolate bar oat cake lemon drops caramels. Wafer powder cotton candy lollipop sweet roll jujubes powder macaroon. Jelly jelly beans dragée shortbread pie.\", \"Chocolate cheesecake sesame snaps sesame snaps chocolate bar oat cake lemon drops caramels. Wafer powder cotton candy lollipop sweet roll jujubes powder macaroon. Jelly jelly beans dragée shortbread pie.\", \"Chocolate cheesecake sesame snaps sesame snaps chocolate bar oat cake lemon drops caramels. Wafer powder cotton candy lollipop sweet roll jujubes powder macaroon. Jelly jelly beans dragée shortbread pie.\", \"Chocolate cheesecake sesame snaps sesame snaps chocolate bar oat cake lemon drops caramels. Wafer powder cotton candy lollipop sweet roll jujubes powder macaroon. Jelly jelly beans dragée shortbread pie.\"]', 'Sweet sweet powder caramels pudding jujubes biscuit chupa chups. Topping topping halvah cake pastry pudding bear claw.'),
(17, 'Fancy glazed donuts 17', 'fancy-glazed-donuts-17', 1, 1, 'recipe-61e7ced9a2f56.jpg', 1, 45, 45, '2022-01-10 19:33:18', '[\"130g. de sucre en poudre\", \"125g. de farine\", \"3 œufs\", \"1 càs. de cacao non sucré\", \"100g. de crème liquide entière 30% de MG\", \"50g. de chocolat noir\"]', '[\"Chocolate cheesecake sesame snaps sesame snaps chocolate bar oat cake lemon drops caramels. Wafer powder cotton candy lollipop sweet roll jujubes powder macaroon. Jelly jelly beans dragée shortbread pie.\", \"Chocolate cheesecake sesame snaps sesame snaps chocolate bar oat cake lemon drops caramels. Wafer powder cotton candy lollipop sweet roll jujubes powder macaroon. Jelly jelly beans dragée shortbread pie.\", \"Chocolate cheesecake sesame snaps sesame snaps chocolate bar oat cake lemon drops caramels. Wafer powder cotton candy lollipop sweet roll jujubes powder macaroon. Jelly jelly beans dragée shortbread pie.\", \"Chocolate cheesecake sesame snaps sesame snaps chocolate bar oat cake lemon drops caramels. Wafer powder cotton candy lollipop sweet roll jujubes powder macaroon. Jelly jelly beans dragée shortbread pie.\", \"Chocolate cheesecake sesame snaps sesame snaps chocolate bar oat cake lemon drops caramels. Wafer powder cotton candy lollipop sweet roll jujubes powder macaroon. Jelly jelly beans dragée shortbread pie.\"]', 'Sweet sweet powder caramels pudding jujubes biscuit chupa chups. Topping topping halvah cake pastry pudding bear claw.'),
(18, 'Fancy glazed donuts 18', 'fancy-glazed-donuts-18', 2, 1, 'recipe-61e7cee62eba2.jpg', 1, 45, 45, '2022-01-10 19:33:18', '[\"130g. de sucre en poudre\", \"125g. de farine\", \"3 œufs\", \"1 càs. de cacao non sucré\", \"100g. de crème liquide entière 30% de MG\", \"50g. de chocolat noir\"]', '[\"Chocolate cheesecake sesame snaps sesame snaps chocolate bar oat cake lemon drops caramels. Wafer powder cotton candy lollipop sweet roll jujubes powder macaroon. Jelly jelly beans dragée shortbread pie.\", \"Chocolate cheesecake sesame snaps sesame snaps chocolate bar oat cake lemon drops caramels. Wafer powder cotton candy lollipop sweet roll jujubes powder macaroon. Jelly jelly beans dragée shortbread pie.\", \"Chocolate cheesecake sesame snaps sesame snaps chocolate bar oat cake lemon drops caramels. Wafer powder cotton candy lollipop sweet roll jujubes powder macaroon. Jelly jelly beans dragée shortbread pie.\", \"Chocolate cheesecake sesame snaps sesame snaps chocolate bar oat cake lemon drops caramels. Wafer powder cotton candy lollipop sweet roll jujubes powder macaroon. Jelly jelly beans dragée shortbread pie.\", \"Chocolate cheesecake sesame snaps sesame snaps chocolate bar oat cake lemon drops caramels. Wafer powder cotton candy lollipop sweet roll jujubes powder macaroon. Jelly jelly beans dragée shortbread pie.\"]', 'Sweet sweet powder caramels pudding jujubes biscuit chupa chups. Topping topping halvah cake pastry pudding bear claw.'),
(19, 'Fancy glazed donuts 19', 'fancy-glazed-donuts-19', 3, 1, 'recipe-61e71bc5e0cce.jpg', 1, 45, 45, '2022-01-10 19:33:18', '[\"130g. de sucre en poudre\", \"125g. de farine\", \"3 œufs\", \"1 càs. de cacao non sucré\", \"100g. de crème liquide entière 30% de MG\", \"50g. de chocolat noir\"]', '[\"Chocolate cheesecake sesame snaps sesame snaps chocolate bar oat cake lemon drops caramels. Wafer powder cotton candy lollipop sweet roll jujubes powder macaroon. Jelly jelly beans dragée shortbread pie.\", \"Chocolate cheesecake sesame snaps sesame snaps chocolate bar oat cake lemon drops caramels. Wafer powder cotton candy lollipop sweet roll jujubes powder macaroon. Jelly jelly beans dragée shortbread pie.\", \"Chocolate cheesecake sesame snaps sesame snaps chocolate bar oat cake lemon drops caramels. Wafer powder cotton candy lollipop sweet roll jujubes powder macaroon. Jelly jelly beans dragée shortbread pie.\", \"Chocolate cheesecake sesame snaps sesame snaps chocolate bar oat cake lemon drops caramels. Wafer powder cotton candy lollipop sweet roll jujubes powder macaroon. Jelly jelly beans dragée shortbread pie.\", \"Chocolate cheesecake sesame snaps sesame snaps chocolate bar oat cake lemon drops caramels. Wafer powder cotton candy lollipop sweet roll jujubes powder macaroon. Jelly jelly beans dragée shortbread pie.\"]', 'Sweet sweet powder caramels pudding jujubes biscuit chupa chups. Topping topping halvah cake pastry pudding bear claw.'),
(20, 'Fancy glazed donuts 20', 'fancy-glazed-donuts-20', 4, 1, 'recipe-61e7cd5d7e4f4.jpg', 1, 45, 45, '2022-01-10 19:33:18', '[\"130g. de sucre en poudre\", \"125g. de farine\", \"3 œufs\", \"1 càs. de cacao non sucré\", \"100g. de crème liquide entière 30% de MG\", \"50g. de chocolat noir\"]', '[\"Chocolate cheesecake sesame snaps sesame snaps chocolate bar oat cake lemon drops caramels. Wafer powder cotton candy lollipop sweet roll jujubes powder macaroon. Jelly jelly beans dragée shortbread pie.\", \"Chocolate cheesecake sesame snaps sesame snaps chocolate bar oat cake lemon drops caramels. Wafer powder cotton candy lollipop sweet roll jujubes powder macaroon. Jelly jelly beans dragée shortbread pie.\", \"Chocolate cheesecake sesame snaps sesame snaps chocolate bar oat cake lemon drops caramels. Wafer powder cotton candy lollipop sweet roll jujubes powder macaroon. Jelly jelly beans dragée shortbread pie.\", \"Chocolate cheesecake sesame snaps sesame snaps chocolate bar oat cake lemon drops caramels. Wafer powder cotton candy lollipop sweet roll jujubes powder macaroon. Jelly jelly beans dragée shortbread pie.\", \"Chocolate cheesecake sesame snaps sesame snaps chocolate bar oat cake lemon drops caramels. Wafer powder cotton candy lollipop sweet roll jujubes powder macaroon. Jelly jelly beans dragée shortbread pie.\"]', 'Sweet sweet powder caramels pudding jujubes biscuit chupa chups. Topping topping halvah cake pastry pudding bear claw.'),
(21, 'Fancy glazed donuts 21', 'fancy-glazed-donuts-21', 5, 1, 'recipe-61e71d6aa5595.jpg', 1, 45, 45, '2022-01-10 19:33:18', '[\"130g. de sucre en poudre\", \"125g. de farine\", \"3 œufs\", \"1 càs. de cacao non sucré\", \"100g. de crème liquide entière 30% de MG\", \"50g. de chocolat noir\"]', '[\"Chocolate cheesecake sesame snaps sesame snaps chocolate bar oat cake lemon drops caramels. Wafer powder cotton candy lollipop sweet roll jujubes powder macaroon. Jelly jelly beans dragée shortbread pie.\", \"Chocolate cheesecake sesame snaps sesame snaps chocolate bar oat cake lemon drops caramels. Wafer powder cotton candy lollipop sweet roll jujubes powder macaroon. Jelly jelly beans dragée shortbread pie.\", \"Chocolate cheesecake sesame snaps sesame snaps chocolate bar oat cake lemon drops caramels. Wafer powder cotton candy lollipop sweet roll jujubes powder macaroon. Jelly jelly beans dragée shortbread pie.\", \"Chocolate cheesecake sesame snaps sesame snaps chocolate bar oat cake lemon drops caramels. Wafer powder cotton candy lollipop sweet roll jujubes powder macaroon. Jelly jelly beans dragée shortbread pie.\", \"Chocolate cheesecake sesame snaps sesame snaps chocolate bar oat cake lemon drops caramels. Wafer powder cotton candy lollipop sweet roll jujubes powder macaroon. Jelly jelly beans dragée shortbread pie.\"]', 'Sweet sweet powder caramels pudding jujubes biscuit chupa chups. Topping topping halvah cake pastry pudding bear claw.'),
(22, 'Fancy glazed donuts 22', 'fancy-glazed-donuts-22', 6, 1, 'recipe-61e7ceca36fdb.jpg', 1, 45, 45, '2022-01-10 19:33:18', '[\"130g. de sucre en poudre\", \"125g. de farine\", \"3 œufs\", \"1 càs. de cacao non sucré\", \"100g. de crème liquide entière 30% de MG\", \"50g. de chocolat noir\"]', '[\"Chocolate cheesecake sesame snaps sesame snaps chocolate bar oat cake lemon drops caramels. Wafer powder cotton candy lollipop sweet roll jujubes powder macaroon. Jelly jelly beans dragée shortbread pie.\", \"Chocolate cheesecake sesame snaps sesame snaps chocolate bar oat cake lemon drops caramels. Wafer powder cotton candy lollipop sweet roll jujubes powder macaroon. Jelly jelly beans dragée shortbread pie.\", \"Chocolate cheesecake sesame snaps sesame snaps chocolate bar oat cake lemon drops caramels. Wafer powder cotton candy lollipop sweet roll jujubes powder macaroon. Jelly jelly beans dragée shortbread pie.\", \"Chocolate cheesecake sesame snaps sesame snaps chocolate bar oat cake lemon drops caramels. Wafer powder cotton candy lollipop sweet roll jujubes powder macaroon. Jelly jelly beans dragée shortbread pie.\", \"Chocolate cheesecake sesame snaps sesame snaps chocolate bar oat cake lemon drops caramels. Wafer powder cotton candy lollipop sweet roll jujubes powder macaroon. Jelly jelly beans dragée shortbread pie.\"]', 'Sweet sweet powder caramels pudding jujubes biscuit chupa chups. Topping topping halvah cake pastry pudding bear claw.'),
(23, 'Fancy glazed donuts 23', 'fancy-glazed-donuts-23', 7, 1, 'recipe-61e7ceb9ec3ce.jpg', 1, 45, 45, '2022-01-10 19:33:18', '[\"130g. de sucre en poudre\", \"125g. de farine\", \"3 œufs\", \"1 càs. de cacao non sucré\", \"100g. de crème liquide entière 30% de MG\", \"50g. de chocolat noir\"]', '[\"Chocolate cheesecake sesame snaps sesame snaps chocolate bar oat cake lemon drops caramels. Wafer powder cotton candy lollipop sweet roll jujubes powder macaroon. Jelly jelly beans dragée shortbread pie.\", \"Chocolate cheesecake sesame snaps sesame snaps chocolate bar oat cake lemon drops caramels. Wafer powder cotton candy lollipop sweet roll jujubes powder macaroon. Jelly jelly beans dragée shortbread pie.\", \"Chocolate cheesecake sesame snaps sesame snaps chocolate bar oat cake lemon drops caramels. Wafer powder cotton candy lollipop sweet roll jujubes powder macaroon. Jelly jelly beans dragée shortbread pie.\", \"Chocolate cheesecake sesame snaps sesame snaps chocolate bar oat cake lemon drops caramels. Wafer powder cotton candy lollipop sweet roll jujubes powder macaroon. Jelly jelly beans dragée shortbread pie.\", \"Chocolate cheesecake sesame snaps sesame snaps chocolate bar oat cake lemon drops caramels. Wafer powder cotton candy lollipop sweet roll jujubes powder macaroon. Jelly jelly beans dragée shortbread pie.\"]', 'Sweet sweet powder caramels pudding jujubes biscuit chupa chups. Topping topping halvah cake pastry pudding bear claw.'),
(24, 'Fancy glazed donuts 24', 'fancy-glazed-donuts-24', 7, 1, 'recipe-4.jpg', 1, 45, 45, '2022-01-10 19:33:18', '[\"130g. de sucre en poudre\", \"125g. de farine\", \"3 œufs\", \"1 càs. de cacao non sucré\", \"100g. de crème liquide entière 30% de MG\", \"50g. de chocolat noir\"]', '[\"Chocolate cheesecake sesame snaps sesame snaps chocolate bar oat cake lemon drops caramels. Wafer powder cotton candy lollipop sweet roll jujubes powder macaroon. Jelly jelly beans dragée shortbread pie.\", \"Chocolate cheesecake sesame snaps sesame snaps chocolate bar oat cake lemon drops caramels. Wafer powder cotton candy lollipop sweet roll jujubes powder macaroon. Jelly jelly beans dragée shortbread pie.\", \"Chocolate cheesecake sesame snaps sesame snaps chocolate bar oat cake lemon drops caramels. Wafer powder cotton candy lollipop sweet roll jujubes powder macaroon. Jelly jelly beans dragée shortbread pie.\", \"Chocolate cheesecake sesame snaps sesame snaps chocolate bar oat cake lemon drops caramels. Wafer powder cotton candy lollipop sweet roll jujubes powder macaroon. Jelly jelly beans dragée shortbread pie.\", \"Chocolate cheesecake sesame snaps sesame snaps chocolate bar oat cake lemon drops caramels. Wafer powder cotton candy lollipop sweet roll jujubes powder macaroon. Jelly jelly beans dragée shortbread pie.\"]', NULL),
(25, 'Mighty super layercake 25', 'mighty-super-layercake-25', 1, 1, 'recipe-61e71d4dd477f.jpg', 1, 45, 45, '2022-01-10 19:33:18', '[\"130g. de sucre en poudre\", \"125g. de farine\", \"3 œufs\", \"1 càs. de cacao non sucré\", \"100g. de crème liquide entière 30% de MG\", \"50g. de chocolat noir\"]', '[\"Chocolate cheesecake sesame snaps sesame snaps chocolate bar oat cake lemon drops caramels. Wafer powder cotton candy lollipop sweet roll jujubes powder macaroon. Jelly jelly beans dragée shortbread pie.\", \"Chocolate cheesecake sesame snaps sesame snaps chocolate bar oat cake lemon drops caramels. Wafer powder cotton candy lollipop sweet roll jujubes powder macaroon. Jelly jelly beans dragée shortbread pie.\", \"Chocolate cheesecake sesame snaps sesame snaps chocolate bar oat cake lemon drops caramels. Wafer powder cotton candy lollipop sweet roll jujubes powder macaroon. Jelly jelly beans dragée shortbread pie.\", \"Chocolate cheesecake sesame snaps sesame snaps chocolate bar oat cake lemon drops caramels. Wafer powder cotton candy lollipop sweet roll jujubes powder macaroon. Jelly jelly beans dragée shortbread pie.\", \"Chocolate cheesecake sesame snaps sesame snaps chocolate bar oat cake lemon drops caramels. Wafer powder cotton candy lollipop sweet roll jujubes powder macaroon. Jelly jelly beans dragée shortbread pie.\"]', 'Look no further for a creamy and ultra smooth classic cheesecake recipe! no one can deny its simple decadence.'),
(26, 'Fancy glazed donuts 26', 'fancy-glazed-donuts-26', 2, 1, 'recipe-61e71b5eb664a.jpg', 1, 45, 45, '2022-01-10 19:33:18', '[\"130g. de sucre en poudre\", \"125g. de farine\", \"3 œufs\", \"1 càs. de cacao non sucré\", \"100g. de crème liquide entière 30% de MG\", \"50g. de chocolat noir\"]', '[\"Chocolate cheesecake sesame snaps sesame snaps chocolate bar oat cake lemon drops caramels. Wafer powder cotton candy lollipop sweet roll jujubes powder macaroon. Jelly jelly beans dragée shortbread pie.\", \"Chocolate cheesecake sesame snaps sesame snaps chocolate bar oat cake lemon drops caramels. Wafer powder cotton candy lollipop sweet roll jujubes powder macaroon. Jelly jelly beans dragée shortbread pie.\", \"Chocolate cheesecake sesame snaps sesame snaps chocolate bar oat cake lemon drops caramels. Wafer powder cotton candy lollipop sweet roll jujubes powder macaroon. Jelly jelly beans dragée shortbread pie.\", \"Chocolate cheesecake sesame snaps sesame snaps chocolate bar oat cake lemon drops caramels. Wafer powder cotton candy lollipop sweet roll jujubes powder macaroon. Jelly jelly beans dragée shortbread pie.\", \"Chocolate cheesecake sesame snaps sesame snaps chocolate bar oat cake lemon drops caramels. Wafer powder cotton candy lollipop sweet roll jujubes powder macaroon. Jelly jelly beans dragée shortbread pie.\"]', 'Sweet sweet powder caramels pudding jujubes biscuit chupa chups. Topping topping halvah cake pastry pudding bear claw.'),
(27, 'Fancy glazed donuts 27', 'fancy-glazed-donuts-27', 3, 1, 'recipe-61e71d1e697e5.jpg', 1, 45, 45, '2022-01-10 19:33:18', '[\"130g. de sucre en poudre\", \"125g. de farine\", \"3 œufs\", \"1 càs. de cacao non sucré\", \"100g. de crème liquide entière 30% de MG\", \"50g. de chocolat noir\"]', '[\"Chocolate cheesecake sesame snaps sesame snaps chocolate bar oat cake lemon drops caramels. Wafer powder cotton candy lollipop sweet roll jujubes powder macaroon. Jelly jelly beans dragée shortbread pie.\", \"Chocolate cheesecake sesame snaps sesame snaps chocolate bar oat cake lemon drops caramels. Wafer powder cotton candy lollipop sweet roll jujubes powder macaroon. Jelly jelly beans dragée shortbread pie.\", \"Chocolate cheesecake sesame snaps sesame snaps chocolate bar oat cake lemon drops caramels. Wafer powder cotton candy lollipop sweet roll jujubes powder macaroon. Jelly jelly beans dragée shortbread pie.\", \"Chocolate cheesecake sesame snaps sesame snaps chocolate bar oat cake lemon drops caramels. Wafer powder cotton candy lollipop sweet roll jujubes powder macaroon. Jelly jelly beans dragée shortbread pie.\", \"Chocolate cheesecake sesame snaps sesame snaps chocolate bar oat cake lemon drops caramels. Wafer powder cotton candy lollipop sweet roll jujubes powder macaroon. Jelly jelly beans dragée shortbread pie.\"]', 'Sweet sweet powder caramels pudding jujubes biscuit chupa chups. Topping topping halvah cake pastry pudding bear claw.'),
(28, 'Fancy glazed donuts 28', 'fancy-glazed-donuts-28', 4, 1, 'recipe-61e7cf39b0356.jpg', 1, 45, 45, '2022-01-10 19:33:18', '[\"130g. de sucre en poudre\", \"125g. de farine\", \"3 œufs\", \"1 càs. de cacao non sucré\", \"100g. de crème liquide entière 30% de MG\", \"50g. de chocolat noir\"]', '[\"Chocolate cheesecake sesame snaps sesame snaps chocolate bar oat cake lemon drops caramels. Wafer powder cotton candy lollipop sweet roll jujubes powder macaroon. Jelly jelly beans dragée shortbread pie.\", \"Chocolate cheesecake sesame snaps sesame snaps chocolate bar oat cake lemon drops caramels. Wafer powder cotton candy lollipop sweet roll jujubes powder macaroon. Jelly jelly beans dragée shortbread pie.\", \"Chocolate cheesecake sesame snaps sesame snaps chocolate bar oat cake lemon drops caramels. Wafer powder cotton candy lollipop sweet roll jujubes powder macaroon. Jelly jelly beans dragée shortbread pie.\", \"Chocolate cheesecake sesame snaps sesame snaps chocolate bar oat cake lemon drops caramels. Wafer powder cotton candy lollipop sweet roll jujubes powder macaroon. Jelly jelly beans dragée shortbread pie.\", \"Chocolate cheesecake sesame snaps sesame snaps chocolate bar oat cake lemon drops caramels. Wafer powder cotton candy lollipop sweet roll jujubes powder macaroon. Jelly jelly beans dragée shortbread pie.\"]', 'Sweet sweet powder caramels pudding jujubes biscuit chupa chups. Topping topping halvah cake pastry pudding bear claw.'),
(29, 'Fancy glazed donuts 29', 'fancy-glazed-donuts-29', 5, 1, 'recipe-61e71d1011c59.jpg', 1, 45, 45, '2022-01-10 19:33:18', '[\"130g. de sucre en poudre\", \"125g. de farine\", \"3 œufs\", \"1 càs. de cacao non sucré\", \"100g. de crème liquide entière 30% de MG\", \"50g. de chocolat noir\"]', '[\"Chocolate cheesecake sesame snaps sesame snaps chocolate bar oat cake lemon drops caramels. Wafer powder cotton candy lollipop sweet roll jujubes powder macaroon. Jelly jelly beans dragée shortbread pie.\", \"Chocolate cheesecake sesame snaps sesame snaps chocolate bar oat cake lemon drops caramels. Wafer powder cotton candy lollipop sweet roll jujubes powder macaroon. Jelly jelly beans dragée shortbread pie.\", \"Chocolate cheesecake sesame snaps sesame snaps chocolate bar oat cake lemon drops caramels. Wafer powder cotton candy lollipop sweet roll jujubes powder macaroon. Jelly jelly beans dragée shortbread pie.\", \"Chocolate cheesecake sesame snaps sesame snaps chocolate bar oat cake lemon drops caramels. Wafer powder cotton candy lollipop sweet roll jujubes powder macaroon. Jelly jelly beans dragée shortbread pie.\", \"Chocolate cheesecake sesame snaps sesame snaps chocolate bar oat cake lemon drops caramels. Wafer powder cotton candy lollipop sweet roll jujubes powder macaroon. Jelly jelly beans dragée shortbread pie.\"]', 'Sweet sweet powder caramels pudding jujubes biscuit chupa chups. Topping topping halvah cake pastry pudding bear claw.'),
(30, 'Fancy glazed donuts 30', 'fancy-glazed-donuts-30', 6, 1, 'recipe-61e7cf1d0c5e0.jpg', 1, 45, 45, '2022-01-10 19:33:18', '[\"130g. de sucre en poudre\", \"125g. de farine\", \"3 œufs\", \"1 càs. de cacao non sucré\", \"100g. de crème liquide entière 30% de MG\", \"50g. de chocolat noir\"]', '[\"Chocolate cheesecake sesame snaps sesame snaps chocolate bar oat cake lemon drops caramels. Wafer powder cotton candy lollipop sweet roll jujubes powder macaroon. Jelly jelly beans dragée shortbread pie.\", \"Chocolate cheesecake sesame snaps sesame snaps chocolate bar oat cake lemon drops caramels. Wafer powder cotton candy lollipop sweet roll jujubes powder macaroon. Jelly jelly beans dragée shortbread pie.\", \"Chocolate cheesecake sesame snaps sesame snaps chocolate bar oat cake lemon drops caramels. Wafer powder cotton candy lollipop sweet roll jujubes powder macaroon. Jelly jelly beans dragée shortbread pie.\", \"Chocolate cheesecake sesame snaps sesame snaps chocolate bar oat cake lemon drops caramels. Wafer powder cotton candy lollipop sweet roll jujubes powder macaroon. Jelly jelly beans dragée shortbread pie.\", \"Chocolate cheesecake sesame snaps sesame snaps chocolate bar oat cake lemon drops caramels. Wafer powder cotton candy lollipop sweet roll jujubes powder macaroon. Jelly jelly beans dragée shortbread pie.\"]', 'Sweet sweet powder caramels pudding jujubes biscuit chupa chups. Topping topping halvah cake pastry pudding bear claw.'),
(31, 'Fancy glazed donuts 31', 'fancy-glazed-donuts-31', 7, 1, 'recipe-61e71cfe7122f.jpg', 1, 45, 45, '2022-01-10 19:33:18', '[\"130g. de sucre en poudre\", \"125g. de farine\", \"3 œufs\", \"1 càs. de cacao non sucré\", \"100g. de crème liquide entière 30% de MG\", \"50g. de chocolat noir\"]', '[\"Chocolate cheesecake sesame snaps sesame snaps chocolate bar oat cake lemon drops caramels. Wafer powder cotton candy lollipop sweet roll jujubes powder macaroon. Jelly jelly beans dragée shortbread pie.\", \"Chocolate cheesecake sesame snaps sesame snaps chocolate bar oat cake lemon drops caramels. Wafer powder cotton candy lollipop sweet roll jujubes powder macaroon. Jelly jelly beans dragée shortbread pie.\", \"Chocolate cheesecake sesame snaps sesame snaps chocolate bar oat cake lemon drops caramels. Wafer powder cotton candy lollipop sweet roll jujubes powder macaroon. Jelly jelly beans dragée shortbread pie.\", \"Chocolate cheesecake sesame snaps sesame snaps chocolate bar oat cake lemon drops caramels. Wafer powder cotton candy lollipop sweet roll jujubes powder macaroon. Jelly jelly beans dragée shortbread pie.\", \"Chocolate cheesecake sesame snaps sesame snaps chocolate bar oat cake lemon drops caramels. Wafer powder cotton candy lollipop sweet roll jujubes powder macaroon. Jelly jelly beans dragée shortbread pie.\"]', 'Sweet sweet powder caramels pudding jujubes biscuit chupa chups. Topping topping halvah cake pastry pudding bear claw.'),
(32, 'Fancy glazed donuts 32', 'fancy-glazed-donuts-32', 7, 1, 'recipe-61e7cf0a41793.jpg', 1, 45, 45, '2022-01-10 19:33:18', '[\"130g. de sucre en poudre\", \"125g. de farine\", \"3 œufs\", \"1 càs. de cacao non sucré\", \"100g. de crème liquide entière 30% de MG\", \"50g. de chocolat noir\"]', '[\"Chocolate cheesecake sesame snaps sesame snaps chocolate bar oat cake lemon drops caramels. Wafer powder cotton candy lollipop sweet roll jujubes powder macaroon. Jelly jelly beans dragée shortbread pie.\", \"Chocolate cheesecake sesame snaps sesame snaps chocolate bar oat cake lemon drops caramels. Wafer powder cotton candy lollipop sweet roll jujubes powder macaroon. Jelly jelly beans dragée shortbread pie.\", \"Chocolate cheesecake sesame snaps sesame snaps chocolate bar oat cake lemon drops caramels. Wafer powder cotton candy lollipop sweet roll jujubes powder macaroon. Jelly jelly beans dragée shortbread pie.\", \"Chocolate cheesecake sesame snaps sesame snaps chocolate bar oat cake lemon drops caramels. Wafer powder cotton candy lollipop sweet roll jujubes powder macaroon. Jelly jelly beans dragée shortbread pie.\", \"Chocolate cheesecake sesame snaps sesame snaps chocolate bar oat cake lemon drops caramels. Wafer powder cotton candy lollipop sweet roll jujubes powder macaroon. Jelly jelly beans dragée shortbread pie.\"]', 'Sweet sweet powder caramels pudding jujubes biscuit chupa chups. Topping topping halvah cake pastry pudding bear claw.'),
(33, 'Fancy glazed donuts 33', 'fancy-glazed-donuts-33', 1, 1, 'recipe-61e7cd85a5e1f.jpg', 1, 45, 45, '2022-01-10 19:33:18', '[\"130g. de sucre en poudre\", \"125g. de farine\", \"3 œufs\", \"1 càs. de cacao non sucré\", \"100g. de crème liquide entière 30% de MG\", \"50g. de chocolat noir\"]', '[\"Chocolate cheesecake sesame snaps sesame snaps chocolate bar oat cake lemon drops caramels. Wafer powder cotton candy lollipop sweet roll jujubes powder macaroon. Jelly jelly beans dragée shortbread pie.\", \"Chocolate cheesecake sesame snaps sesame snaps chocolate bar oat cake lemon drops caramels. Wafer powder cotton candy lollipop sweet roll jujubes powder macaroon. Jelly jelly beans dragée shortbread pie.\", \"Chocolate cheesecake sesame snaps sesame snaps chocolate bar oat cake lemon drops caramels. Wafer powder cotton candy lollipop sweet roll jujubes powder macaroon. Jelly jelly beans dragée shortbread pie.\", \"Chocolate cheesecake sesame snaps sesame snaps chocolate bar oat cake lemon drops caramels. Wafer powder cotton candy lollipop sweet roll jujubes powder macaroon. Jelly jelly beans dragée shortbread pie.\", \"Chocolate cheesecake sesame snaps sesame snaps chocolate bar oat cake lemon drops caramels. Wafer powder cotton candy lollipop sweet roll jujubes powder macaroon. Jelly jelly beans dragée shortbread pie.\"]', 'Sweet sweet powder caramels pudding jujubes biscuit chupa chups. Topping topping halvah cake pastry pudding bear claw.'),
(34, 'Fancy glazed donuts 34', 'fancy-glazed-donuts-34', 2, 1, 'recipe-4.jpg', 1, 45, 45, '2022-01-10 19:33:18', '[\"130g. de sucre en poudre\", \"125g. de farine\", \"3 œufs\", \"1 càs. de cacao non sucré\", \"100g. de crème liquide entière 30% de MG\", \"50g. de chocolat noir\"]', '[\"Chocolate cheesecake sesame snaps sesame snaps chocolate bar oat cake lemon drops caramels. Wafer powder cotton candy lollipop sweet roll jujubes powder macaroon. Jelly jelly beans dragée shortbread pie.\", \"Chocolate cheesecake sesame snaps sesame snaps chocolate bar oat cake lemon drops caramels. Wafer powder cotton candy lollipop sweet roll jujubes powder macaroon. Jelly jelly beans dragée shortbread pie.\", \"Chocolate cheesecake sesame snaps sesame snaps chocolate bar oat cake lemon drops caramels. Wafer powder cotton candy lollipop sweet roll jujubes powder macaroon. Jelly jelly beans dragée shortbread pie.\", \"Chocolate cheesecake sesame snaps sesame snaps chocolate bar oat cake lemon drops caramels. Wafer powder cotton candy lollipop sweet roll jujubes powder macaroon. Jelly jelly beans dragée shortbread pie.\", \"Chocolate cheesecake sesame snaps sesame snaps chocolate bar oat cake lemon drops caramels. Wafer powder cotton candy lollipop sweet roll jujubes powder macaroon. Jelly jelly beans dragée shortbread pie.\"]', NULL);
INSERT INTO `recipes` (`id`, `name`, `slug`, `category_id`, `author_id`, `image`, `level`, `prep_time`, `cook_time`, `created_at`, `ingredients`, `preparation`, `description`) VALUES
(35, 'Fancy glazed donuts 35', 'fancy-glazed-donuts-35', 3, 1, 'recipe-61e7cc4320cc9.jpg', 1, 45, 45, '2022-01-10 19:33:18', '[\"130g. de sucre en poudre\", \"125g. de farine\", \"3 œufs\", \"1 càs. de cacao non sucré\", \"100g. de crème liquide entière 30% de MG\", \"50g. de chocolat noir\"]', '[\"Chocolate cheesecake sesame snaps sesame snaps chocolate bar oat cake lemon drops caramels. Wafer powder cotton candy lollipop sweet roll jujubes powder macaroon. Jelly jelly beans dragée shortbread pie.\", \"Chocolate cheesecake sesame snaps sesame snaps chocolate bar oat cake lemon drops caramels. Wafer powder cotton candy lollipop sweet roll jujubes powder macaroon. Jelly jelly beans dragée shortbread pie.\", \"Chocolate cheesecake sesame snaps sesame snaps chocolate bar oat cake lemon drops caramels. Wafer powder cotton candy lollipop sweet roll jujubes powder macaroon. Jelly jelly beans dragée shortbread pie.\", \"Chocolate cheesecake sesame snaps sesame snaps chocolate bar oat cake lemon drops caramels. Wafer powder cotton candy lollipop sweet roll jujubes powder macaroon. Jelly jelly beans dragée shortbread pie.\", \"Chocolate cheesecake sesame snaps sesame snaps chocolate bar oat cake lemon drops caramels. Wafer powder cotton candy lollipop sweet roll jujubes powder macaroon. Jelly jelly beans dragée shortbread pie.\"]', 'Sweet sweet powder caramels pudding jujubes biscuit chupa chups. Topping topping halvah cake pastry pudding bear claw.'),
(36, 'Mighty super cheescake 36', 'mighty-super-cheescake-36', 4, 1, 'recipe-61e71cd7e91e4.jpg', 1, 45, 45, '2022-01-10 19:33:18', '[\"130g. de sucre en poudre\", \"125g. de farine\", \"3 œufs\", \"1 càs. de cacao non sucré\", \"100g. de crème liquide entière 30% de MG\", \"50g. de chocolat noir\"]', '[\"Chocolate cheesecake sesame snaps sesame snaps chocolate bar oat cake lemon drops caramels. Wafer powder cotton candy lollipop sweet roll jujubes powder macaroon. Jelly jelly beans dragée shortbread pie.\", \"Chocolate cheesecake sesame snaps sesame snaps chocolate bar oat cake lemon drops caramels. Wafer powder cotton candy lollipop sweet roll jujubes powder macaroon. Jelly jelly beans dragée shortbread pie.\", \"Chocolate cheesecake sesame snaps sesame snaps chocolate bar oat cake lemon drops caramels. Wafer powder cotton candy lollipop sweet roll jujubes powder macaroon. Jelly jelly beans dragée shortbread pie.\", \"Chocolate cheesecake sesame snaps sesame snaps chocolate bar oat cake lemon drops caramels. Wafer powder cotton candy lollipop sweet roll jujubes powder macaroon. Jelly jelly beans dragée shortbread pie.\", \"Chocolate cheesecake sesame snaps sesame snaps chocolate bar oat cake lemon drops caramels. Wafer powder cotton candy lollipop sweet roll jujubes powder macaroon. Jelly jelly beans dragée shortbread pie.\"]', 'Look no further for a creamy and ultra smooth classic cheesecake recipe! no one can deny its simple decadence.'),
(46, 'Fancy glazed donuts', 'qfd', 4, 1, 'recipe-61e3e4994b495.jpg', 3, 25, 25, '0000-00-00 00:00:00', '[\"130g. de sucre en poudre\", \"125g. de farine\", \"3 œufs\", \"1 càs. de cacao non sucré\", \"100g. de crème liquide entière 30% de MG\", \"50g. de chocolat noir\"]', '[\"Chocolate cheesecake sesame snaps sesame snaps chocolate bar oat cake lemon drops caramels. Wafer powder cotton candy lollipop sweet roll jujubes powder macaroon. Jelly jelly beans dragée shortbread pie.\", \"Chocolate cheesecake sesame snaps sesame snaps chocolate bar oat cake lemon drops caramels. Wafer powder cotton candy lollipop sweet roll jujubes powder macaroon. Jelly jelly beans dragée shortbread pie.\", \"Chocolate cheesecake sesame snaps sesame snaps chocolate bar oat cake lemon drops caramels. Wafer powder cotton candy lollipop sweet roll jujubes powder macaroon. Jelly jelly beans dragée shortbread pie.\", \"Chocolate cheesecake sesame snaps sesame snaps chocolate bar oat cake lemon drops caramels. Wafer powder cotton candy lollipop sweet roll jujubes powder macaroon. Jelly jelly beans dragée shortbread pie.\", \"Chocolate cheesecake sesame snaps sesame snaps chocolate bar oat cake lemon drops caramels. Wafer powder cotton candy lollipop sweet roll jujubes powder macaroon. Jelly jelly beans dragée shortbread pie.\"]', 'gturtyu'),
(47, 'Fancy glazed donuts', 'gfsghfshf', 1, 1, 'recipe-61e71add15582.jpg', 1, 0, 0, '0000-00-00 00:00:00', '[\"130g. de sucre en poudre\", \"125g. de farine\", \"3 œufs\", \"1 càs. de cacao non sucré\", \"100g. de crème liquide entière 30% de MG\", \"50g. de chocolat noir\"]', '[\"Chocolate cheesecake sesame snaps sesame snaps chocolate bar oat cake lemon drops caramels. Wafer powder cotton candy lollipop sweet roll jujubes powder macaroon. Jelly jelly beans dragée shortbread pie.\", \"Chocolate cheesecake sesame snaps sesame snaps chocolate bar oat cake lemon drops caramels. Wafer powder cotton candy lollipop sweet roll jujubes powder macaroon. Jelly jelly beans dragée shortbread pie.\", \"Chocolate cheesecake sesame snaps sesame snaps chocolate bar oat cake lemon drops caramels. Wafer powder cotton candy lollipop sweet roll jujubes powder macaroon. Jelly jelly beans dragée shortbread pie.\", \"Chocolate cheesecake sesame snaps sesame snaps chocolate bar oat cake lemon drops caramels. Wafer powder cotton candy lollipop sweet roll jujubes powder macaroon. Jelly jelly beans dragée shortbread pie.\", \"Chocolate cheesecake sesame snaps sesame snaps chocolate bar oat cake lemon drops caramels. Wafer powder cotton candy lollipop sweet roll jujubes powder macaroon. Jelly jelly beans dragée shortbread pie.\"]', 'Sweet sweet powder caramels pudding jujubes biscuit chupa chups. Topping topping halvah cake pastry pudding bear claw.'),
(48, 'Fancy glazed donuts', 'fhsfsg', 1, 1, 'recipe-61e71aad0a9b8.jpg', 1, 0, 0, '0000-00-00 00:00:00', '[\"130g. de sucre en poudre\", \"125g. de farine\", \"3 œufs\", \"1 càs. de cacao non sucré\", \"100g. de crème liquide entière 30% de MG\", \"50g. de chocolat noir\"]', '[\"Chocolate cheesecake sesame snaps sesame snaps chocolate bar oat cake lemon drops caramels. Wafer powder cotton candy lollipop sweet roll jujubes powder macaroon. Jelly jelly beans dragée shortbread pie.\", \"Chocolate cheesecake sesame snaps sesame snaps chocolate bar oat cake lemon drops caramels. Wafer powder cotton candy lollipop sweet roll jujubes powder macaroon. Jelly jelly beans dragée shortbread pie.\", \"Chocolate cheesecake sesame snaps sesame snaps chocolate bar oat cake lemon drops caramels. Wafer powder cotton candy lollipop sweet roll jujubes powder macaroon. Jelly jelly beans dragée shortbread pie.\", \"Chocolate cheesecake sesame snaps sesame snaps chocolate bar oat cake lemon drops caramels. Wafer powder cotton candy lollipop sweet roll jujubes powder macaroon. Jelly jelly beans dragée shortbread pie.\", \"Chocolate cheesecake sesame snaps sesame snaps chocolate bar oat cake lemon drops caramels. Wafer powder cotton candy lollipop sweet roll jujubes powder macaroon. Jelly jelly beans dragée shortbread pie.\"]', 'Sweet sweet powder caramels pudding jujubes biscuit chupa chups. Topping topping halvah cake pastry pudding bear claw.'),
(49, 'Fancy glazed donuts', 'sgsfgssss', 1, 1, 'recipe-61e71a4469c95.jpg', 1, 0, 0, '0000-00-00 00:00:00', '[\"130g. de sucre en poudre\", \"125g. de farine\", \"3 œufs\", \"1 càs. de cacao non sucré\", \"100g. de crème liquide entière 30% de MG\", \"50g. de chocolat noir\"]', '[\"Chocolate cheesecake sesame snaps sesame snaps chocolate bar oat cake lemon drops caramels. Wafer powder cotton candy lollipop sweet roll jujubes powder macaroon. Jelly jelly beans dragée shortbread pie.\", \"Chocolate cheesecake sesame snaps sesame snaps chocolate bar oat cake lemon drops caramels. Wafer powder cotton candy lollipop sweet roll jujubes powder macaroon. Jelly jelly beans dragée shortbread pie.\", \"Chocolate cheesecake sesame snaps sesame snaps chocolate bar oat cake lemon drops caramels. Wafer powder cotton candy lollipop sweet roll jujubes powder macaroon. Jelly jelly beans dragée shortbread pie.\", \"Chocolate cheesecake sesame snaps sesame snaps chocolate bar oat cake lemon drops caramels. Wafer powder cotton candy lollipop sweet roll jujubes powder macaroon. Jelly jelly beans dragée shortbread pie.\", \"Chocolate cheesecake sesame snaps sesame snaps chocolate bar oat cake lemon drops caramels. Wafer powder cotton candy lollipop sweet roll jujubes powder macaroon. Jelly jelly beans dragée shortbread pie.\"]', 'Sweet sweet powder caramels pudding jujubes biscuit chupa chups. Topping topping halvah cake pastry pudding bear claw.'),
(50, 'Fancy glazed donuts', 'hggggggggggggggggg', 1, 1, 'recipe-61e7cf6d0862a.jpg', 1, 0, 0, '0000-00-00 00:00:00', '[\"130g. de sucre en poudre\", \"125g. de farine\", \"3 œufs\", \"1 càs. de cacao non sucré\", \"100g. de crème liquide entière 30% de MG\", \"50g. de chocolat noir\"]', '[\"Chocolate cheesecake sesame snaps sesame snaps chocolate bar oat cake lemon drops caramels. Wafer powder cotton candy lollipop sweet roll jujubes powder macaroon. Jelly jelly beans dragée shortbread pie.\", \"Chocolate cheesecake sesame snaps sesame snaps chocolate bar oat cake lemon drops caramels. Wafer powder cotton candy lollipop sweet roll jujubes powder macaroon. Jelly jelly beans dragée shortbread pie.\", \"Chocolate cheesecake sesame snaps sesame snaps chocolate bar oat cake lemon drops caramels. Wafer powder cotton candy lollipop sweet roll jujubes powder macaroon. Jelly jelly beans dragée shortbread pie.\", \"Chocolate cheesecake sesame snaps sesame snaps chocolate bar oat cake lemon drops caramels. Wafer powder cotton candy lollipop sweet roll jujubes powder macaroon. Jelly jelly beans dragée shortbread pie.\", \"Chocolate cheesecake sesame snaps sesame snaps chocolate bar oat cake lemon drops caramels. Wafer powder cotton candy lollipop sweet roll jujubes powder macaroon. Jelly jelly beans dragée shortbread pie.\"]', 'Sweet sweet powder caramels pudding jujubes biscuit chupa chups. Topping topping halvah cake pastry pudding bear claw.'),
(51, 'Fancy glazed donuts', 'ccccccccccccccc', 1, 1, 'recipe-61e7cf6237a02.jpg', 1, 0, 0, '0000-00-00 00:00:00', '[\"130g. de sucre en poudre\", \"125g. de farine\", \"3 œufs\", \"1 càs. de cacao non sucré\", \"100g. de crème liquide entière 30% de MG\", \"50g. de chocolat noir\"]', '[\"Chocolate cheesecake sesame snaps sesame snaps chocolate bar oat cake lemon drops caramels. Wafer powder cotton candy lollipop sweet roll jujubes powder macaroon. Jelly jelly beans dragée shortbread pie.\", \"Chocolate cheesecake sesame snaps sesame snaps chocolate bar oat cake lemon drops caramels. Wafer powder cotton candy lollipop sweet roll jujubes powder macaroon. Jelly jelly beans dragée shortbread pie.\", \"Chocolate cheesecake sesame snaps sesame snaps chocolate bar oat cake lemon drops caramels. Wafer powder cotton candy lollipop sweet roll jujubes powder macaroon. Jelly jelly beans dragée shortbread pie.\", \"Chocolate cheesecake sesame snaps sesame snaps chocolate bar oat cake lemon drops caramels. Wafer powder cotton candy lollipop sweet roll jujubes powder macaroon. Jelly jelly beans dragée shortbread pie.\", \"Chocolate cheesecake sesame snaps sesame snaps chocolate bar oat cake lemon drops caramels. Wafer powder cotton candy lollipop sweet roll jujubes powder macaroon. Jelly jelly beans dragée shortbread pie.\"]', 'Sweet sweet powder caramels pudding jujubes biscuit chupa chups. Topping topping halvah cake pastry pudding bear claw.');

-- --------------------------------------------------------

--
-- Structure de la table `stars`
--

DROP TABLE IF EXISTS `stars`;
CREATE TABLE IF NOT EXISTS `stars` (
  `id` int NOT NULL AUTO_INCREMENT,
  `ip_address` varchar(60) COLLATE utf8_bin NOT NULL,
  `recipe_id` int NOT NULL,
  `note` int NOT NULL,
  PRIMARY KEY (`id`),
  KEY `recipe_id` (`recipe_id`)
) ENGINE=InnoDB AUTO_INCREMENT=52 DEFAULT CHARSET=utf8 COLLATE=utf8_bin;

--
-- Déchargement des données de la table `stars`
--

INSERT INTO `stars` (`id`, `ip_address`, `recipe_id`, `note`) VALUES
(9, '::4', 1, 3),
(10, '::4', 2, 4),
(11, '::4', 3, 5),
(12, '::4', 18, 5),
(13, '::4', 50, 5),
(14, '::4', 49, 5),
(15, '::4', 48, 5),
(16, '::4', 47, 5),
(17, '::4', 46, 5),
(18, '::4', 36, 5),
(19, '::4', 35, 5),
(20, '::4', 34, 5),
(21, '::4', 33, 5),
(22, '::2', 35, 1),
(23, '::2', 34, 2),
(24, '::2', 33, 2),
(25, '::2', 36, 1),
(26, '::2', 46, 1),
(27, '::2', 47, 2),
(28, '::2', 49, 2),
(29, '::2', 48, 5),
(30, '::2', 50, 5),
(31, '::3', 34, 5),
(32, '::3', 51, 5),
(33, '::3', 47, 5),
(34, '::3', 48, 5),
(35, '::3', 17, 5),
(36, '::3', 25, 1),
(37, '::3', 3, 5),
(38, '::3', 4, 5),
(39, '::3', 5, 5),
(40, '::3', 6, 5),
(41, '::3', 7, 1),
(42, '::3', 8, 5),
(43, '::3', 9, 1),
(44, '::3', 10, 5),
(45, '::3', 11, 1),
(46, '::3', 1, 1),
(47, '::3', 13, 5),
(48, '::3', 12, 1),
(49, '::3', 28, 5),
(50, '::3', 20, 3),
(51, '::3', 30, 5);

-- --------------------------------------------------------

--
-- Structure de la table `users`
--

DROP TABLE IF EXISTS `users`;
CREATE TABLE IF NOT EXISTS `users` (
  `id` int NOT NULL AUTO_INCREMENT,
  `name` varchar(255) CHARACTER SET utf8 COLLATE utf8_bin DEFAULT NULL,
  `username` varchar(255) COLLATE utf8_bin NOT NULL,
  `password` varchar(60) COLLATE utf8_bin NOT NULL,
  PRIMARY KEY (`id`)
) ENGINE=InnoDB AUTO_INCREMENT=2 DEFAULT CHARSET=utf8 COLLATE=utf8_bin;

--
-- Déchargement des données de la table `users`
--

INSERT INTO `users` (`id`, `name`, `username`, `password`) VALUES
(1, 'Amina Seraoui', 'admin', '$2y$12$sBTQhcNRsehaZPbNq65u0OLLXRdLzsCZZTRVo.uabiRtAT43e8YJi');

--
-- Contraintes pour les tables déchargées
--

--
-- Contraintes pour la table `recipes`
--
ALTER TABLE `recipes`
  ADD CONSTRAINT `recipes_ibfk_1` FOREIGN KEY (`category_id`) REFERENCES `categories` (`id`) ON DELETE SET NULL ON UPDATE CASCADE,
  ADD CONSTRAINT `recipes_ibfk_2` FOREIGN KEY (`author_id`) REFERENCES `users` (`id`) ON DELETE SET NULL ON UPDATE CASCADE;

--
-- Contraintes pour la table `stars`
--
ALTER TABLE `stars`
  ADD CONSTRAINT `stars_ibfk_1` FOREIGN KEY (`recipe_id`) REFERENCES `recipes` (`id`) ON DELETE CASCADE ON UPDATE CASCADE;
COMMIT;

/*!40101 SET CHARACTER_SET_CLIENT=@OLD_CHARACTER_SET_CLIENT */;
/*!40101 SET CHARACTER_SET_RESULTS=@OLD_CHARACTER_SET_RESULTS */;
/*!40101 SET COLLATION_CONNECTION=@OLD_COLLATION_CONNECTION */;
